Police_Station,Mandal_Name,Latitude,Longitude,Google_Maps_Link,QR_Payload
Adgaon Police Station,"Jai Bajrang Yuva Foundation, Madsangvi Village",20.001306,73.874111,"https://maps.google.com/?q=20.001306,73.874111","https://maps.google.com/?q=20.001306,73.874111"
Adgaon Police Station,Kapaleshwar Kala Krida and Sanskrutik Mitra Mandal,20.010132,73.821666,"https://maps.google.com/?q=20.010132,73.821666","https://maps.google.com/?q=20.010132,73.821666"
Adgaon Police Station,Mhasoba Maharaj Mitra Mandal,19.996694,73.843667,"https://maps.google.com/?q=19.996694,73.843667","https://maps.google.com/?q=19.996694,73.843667"
Adgaon Police Station,Shivgarjana Mitra Mandal,20.018361,73.843056,"https://maps.google.com/?q=20.018361,73.843056","https://maps.google.com/?q=20.018361,73.843056"
Adgaon Police Station,Shivraj Foundation,20.016167,73.845222,"https://maps.google.com/?q=20.016167,73.845222","https://maps.google.com/?q=20.016167,73.845222"
Adgaon Police Station,Swarajya Mitra Mandal,20.033639,73.865417,"https://maps.google.com/?q=20.033639,73.865417","https://maps.google.com/?q=20.033639,73.865417"
Adgaon Police Station,Vetal Baba Mitra Mandal,19.999944,73.922833,"https://maps.google.com/?q=19.999944,73.922833","https://maps.google.com/?q=19.999944,73.922833"
Adgaon Police Station,Yuva Chhava Group,19.996694,73.899111,"https://maps.google.com/?q=19.996694,73.899111","https://maps.google.com/?q=19.996694,73.899111"
Ambad Police Station - Major Ganesh Groups,Cidcocha Raja Mitra Mandal (AMB-008),19.98555555,73.75597222,"https://maps.google.com/?q=19.98555555,73.75597222","https://maps.google.com/?q=19.98555555,73.75597222"
Ambad Police Station - Major Ganesh Groups,Datdham Chowk Mitra Mandal (AMB-009),19.9825,73.76025,"https://maps.google.com/?q=19.9825,73.76025","https://maps.google.com/?q=19.9825,73.76025"
Ambad Police Station - Major Ganesh Groups,Ekta Vividh Vikas Seva Sansthan (Valuable) (AMB-002),19.9703611,73.75655555,"https://maps.google.com/?q=19.9703611,73.75655555","https://maps.google.com/?q=19.9703611,73.75655555"
Ambad Police Station - Major Ganesh Groups,Hulk Fitness Social Foundation (AMB-010),19.98869444,73.75036111,"https://maps.google.com/?q=19.98869444,73.75036111","https://maps.google.com/?q=19.98869444,73.75036111"
Ambad Police Station - Major Ganesh Groups,Mauli Mitra Mandal (AMB-012),19.97280555,73.74769444,"https://maps.google.com/?q=19.97280555,73.74769444","https://maps.google.com/?q=19.97280555,73.74769444"
Ambad Police Station - Major Ganesh Groups,Pelican Bahu-uddeshiya Sanstha (Valuable) (AMB-001),19.96688888,73.76594444,"https://maps.google.com/?q=19.96688888,73.76594444","https://maps.google.com/?q=19.96688888,73.76594444"
Ambad Police Station - Major Ganesh Groups,"Raje Chhatrapati Educational, Cultural, Arts and Sports Mandal (AMB-004)",19.97563888,73.68866666,"https://maps.google.com/?q=19.97563888,73.68866666","https://maps.google.com/?q=19.97563888,73.68866666"
Ambad Police Station - Major Ganesh Groups,Raje Sambhaji Kala Va Krida Mandal (AMB-007),19.97466666,73.756,"https://maps.google.com/?q=19.97466666,73.756","https://maps.google.com/?q=19.97466666,73.756"
Ambad Police Station - Major Ganesh Groups,Sarvagnya Foundation (AMB-011),19.97302777,73.74616666,"https://maps.google.com/?q=19.97302777,73.74616666","https://maps.google.com/?q=19.97302777,73.74616666"
Ambad Police Station - Major Ganesh Groups,Shivraj Yuvak Mitra Mandal (AMB-006),19.97041666,73.75355555,"https://maps.google.com/?q=19.97041666,73.75355555","https://maps.google.com/?q=19.97041666,73.75355555"
Ambad Police Station - Major Ganesh Groups,Shri Krishna Kala Va Krida Sanskrutik Mitra Mandal (Valuable) (AMB-003),19.96777777,73.74099999,"https://maps.google.com/?q=19.96777777,73.74099999","https://maps.google.com/?q=19.96777777,73.74099999"
Ambad Police Station - Major Ganesh Groups,Shrimant Cidcocha Maharaja Cidco Colony Mitra Mandal (AMB-005),19.97641666,73.76977777,"https://maps.google.com/?q=19.97641666,73.76977777","https://maps.google.com/?q=19.97641666,73.76977777"
Bhadrakali Police Station - Major Ganesh Groups,Arjun Kala Va Krida Mandal (BHA-031),19.99071,73.79935,"https://maps.google.com/?q=19.99071,73.79935","https://maps.google.com/?q=19.99071,73.79935"
Bhadrakali Police Station - Major Ganesh Groups,Bhadrakali Karanja Mitra Mandal (BHA-001),20.001916,73.791292,"https://maps.google.com/?q=20.001916,73.791292","https://maps.google.com/?q=20.001916,73.791292"
Bhadrakali Police Station - Major Ganesh Groups,Bhadrakali Yuvak Mandal (BHA-023),20.0013,73.78972,"https://maps.google.com/?q=20.0013,73.78972","https://maps.google.com/?q=20.0013,73.78972"
Bhadrakali Police Station - Major Ganesh Groups,"Bhoi Mitra Mandal, Bhoi Galli (BHA-017)",19.99609,73.79567,"https://maps.google.com/?q=19.99609,73.79567","https://maps.google.com/?q=19.99609,73.79567"
Bhadrakali Police Station - Major Ganesh Groups,Bhoiraj Foundation (BHA-038),19.99716,73.79546,"https://maps.google.com/?q=19.99716,73.79546","https://maps.google.com/?q=19.99716,73.79546"
Bhadrakali Police Station - Major Ganesh Groups,Bosch Ganesh Mandal (BHA-033),19.99888,73.78469,"https://maps.google.com/?q=19.99888,73.78469","https://maps.google.com/?q=19.99888,73.78469"
Bhadrakali Police Station - Major Ganesh Groups,Burud Galli Lokpriya Mitra Mandal (BHA-016),19.9969,73.7917,"https://maps.google.com/?q=19.9969,73.7917","https://maps.google.com/?q=19.9969,73.7917"
Bhadrakali Police Station - Major Ganesh Groups,Butan Aikya Mitra Mandal (BHA-020),19.9993,73.79326,"https://maps.google.com/?q=19.9993,73.79326","https://maps.google.com/?q=19.9993,73.79326"
Bhadrakali Police Station - Major Ganesh Groups,Dande Hanuman Mitra Mandal (BHA-012),19.99678,73.79262,"https://maps.google.com/?q=19.99678,73.79262","https://maps.google.com/?q=19.99678,73.79262"
Bhadrakali Police Station - Major Ganesh Groups,Dharmveer Sambhaji Mitra Mandal (BHA-024),19.99833,73.79824,"https://maps.google.com/?q=19.99833,73.79824","https://maps.google.com/?q=19.99833,73.79824"
Bhadrakali Police Station - Major Ganesh Groups,Gajanan Mitra Mandal (BHA-014),20.00264,73.79177,"https://maps.google.com/?q=20.00264,73.79177","https://maps.google.com/?q=20.00264,73.79177"
Bhadrakali Police Station - Major Ganesh Groups,H.L. Kamgar Mandal (BHA-035),19.99894,73.78438,"https://maps.google.com/?q=19.99894,73.78438","https://maps.google.com/?q=19.99894,73.78438"
Bhadrakali Police Station - Major Ganesh Groups,H.L. Kamgar Mitra Mandal (BHA-026),19.99941,73.78446,"https://maps.google.com/?q=19.99941,73.78446","https://maps.google.com/?q=19.99941,73.78446"
Bhadrakali Police Station - Major Ganesh Groups,Hanuman Yuvak Mitra Mandal (BHA-021),19.99774,73.79588,"https://maps.google.com/?q=19.99774,73.79588","https://maps.google.com/?q=19.99774,73.79588"
Bhadrakali Police Station - Major Ganesh Groups,Hindu Ekta Andolan Paksha Pranit Shahid Bhagatsing Kranti Dal (BHA-040),19.99453,73.79677,"https://maps.google.com/?q=19.99453,73.79677","https://maps.google.com/?q=19.99453,73.79677"
Bhadrakali Police Station - Major Ganesh Groups,Janata Raja Mitra Mandal (BHA-003),19.999691,73.792865,"https://maps.google.com/?q=19.999691,73.792865","https://maps.google.com/?q=19.999691,73.792865"
Bhadrakali Police Station - Major Ganesh Groups,Mahalakshmi Chal Social Foundation (BHA-015),19.99586,73.79534,"https://maps.google.com/?q=19.99586,73.79534","https://maps.google.com/?q=19.99586,73.79534"
Bhadrakali Police Station - Major Ganesh Groups,Mahindra & Mahindra Utsav Samiti (BHA-034),19.99887,73.78459,"https://maps.google.com/?q=19.99887,73.78459","https://maps.google.com/?q=19.99887,73.78459"
Bhadrakali Police Station - Major Ganesh Groups,Namco Bank Parivar Ganeshotsav Mandal (BHA-019),20.00199,73.78731,"https://maps.google.com/?q=20.00199,73.78731","https://maps.google.com/?q=20.00199,73.78731"
Bhadrakali Police Station - Major Ganesh Groups,Nataraj Mitra Mandal (BHA-041),20.0004,73.78925,"https://maps.google.com/?q=20.0004,73.78925","https://maps.google.com/?q=20.0004,73.78925"
Bhadrakali Police Station - Major Ganesh Groups,Navkanti Mitra Mandal (BHA-029),19.99251,73.79828,"https://maps.google.com/?q=19.99251,73.79828","https://maps.google.com/?q=19.99251,73.79828"
Bhadrakali Police Station - Major Ganesh Groups,Nehru Chowk Mitra Mandal (BHA-018),20.004,73.79168,"https://maps.google.com/?q=20.004,73.79168","https://maps.google.com/?q=20.004,73.79168"
Bhadrakali Police Station - Major Ganesh Groups,Old Nashik Friend Circle (BHA-022),19.99864,73.79691,"https://maps.google.com/?q=19.99864,73.79691","https://maps.google.com/?q=19.99864,73.79691"
Bhadrakali Police Station - Major Ganesh Groups,Prerna Sanskrutik Mitra Mandal (BHA-037),20.00157,73.78887,"https://maps.google.com/?q=20.00157,73.78887","https://maps.google.com/?q=20.00157,73.78887"
Bhadrakali Police Station - Major Ganesh Groups,Rammukti Mitra Mandal (BHA-032),19.99616,73.7926,"https://maps.google.com/?q=19.99616,73.7926","https://maps.google.com/?q=19.99616,73.7926"
Bhadrakali Police Station - Major Ganesh Groups,Rokdoba Mitra Mandal (BHA-011),20.00311,73.79329,"https://maps.google.com/?q=20.00311,73.79329","https://maps.google.com/?q=20.00311,73.79329"
Bhadrakali Police Station - Major Ganesh Groups,Satyam Sanskrutik Kala Va Krida Mandal (BHA-008),20.00109,73.7902,"https://maps.google.com/?q=20.00109,73.7902","https://maps.google.com/?q=20.00109,73.7902"
Bhadrakali Police Station - Major Ganesh Groups,Shivraj Mitra Mandal (BHA-039),19.99028,73.80039,"https://maps.google.com/?q=19.99028,73.80039","https://maps.google.com/?q=19.99028,73.80039"
Bhadrakali Police Station - Major Ganesh Groups,Shivseva Yuvak Mitra Mandal (BHA-002),20.00196,73.78887,"https://maps.google.com/?q=20.00196,73.78887","https://maps.google.com/?q=20.00196,73.78887"
Bhadrakali Police Station - Major Ganesh Groups,Shri Balaji Mitra Mandal (BHA-030),19.98996,73.80422,"https://maps.google.com/?q=19.98996,73.80422","https://maps.google.com/?q=19.98996,73.80422"
Bhadrakali Police Station - Major Ganesh Groups,Shri Bhakti Mitra Mandal (BHA-007),19.99985,73.79093,"https://maps.google.com/?q=19.99985,73.79093","https://maps.google.com/?q=19.99985,73.79093"
Bhadrakali Police Station - Major Ganesh Groups,Shri Bharat Mitra Mandal (BHA-009),20.00187,73.79091,"https://maps.google.com/?q=20.00187,73.79091","https://maps.google.com/?q=20.00187,73.79091"
Bhadrakali Police Station - Major Ganesh Groups,Shri Gajanan Maharaj Mitra Mandal (BHA-036),20.00154,73.79032,"https://maps.google.com/?q=20.00154,73.79032","https://maps.google.com/?q=20.00154,73.79032"
Bhadrakali Police Station - Major Ganesh Groups,Shri Samarth Mitra Mandal (BHA-028),19.98986,73.80422,"https://maps.google.com/?q=19.98986,73.80422","https://maps.google.com/?q=19.98986,73.80422"
Bhadrakali Police Station - Major Ganesh Groups,"Shri Seva Pimpal Tauk Kala Va Krida Mandal, Nashik (BHA-025)",19.99995,73.78889,"https://maps.google.com/?q=19.99995,73.78889","https://maps.google.com/?q=19.99995,73.78889"
Bhadrakali Police Station - Major Ganesh Groups,Shri. Raje Chhatrapati Samajik Sanskrutik Kala Va Krida Mitra Mandal (BHA-004),19.9993,73.78483,"https://maps.google.com/?q=19.9993,73.78483","https://maps.google.com/?q=19.9993,73.78483"
Bhadrakali Police Station - Major Ganesh Groups,Shri. Shaneshwara Yuvak Samiti (BHA-013),19.99576,73.79293,"https://maps.google.com/?q=19.99576,73.79293","https://maps.google.com/?q=19.99576,73.79293"
Bhadrakali Police Station - Major Ganesh Groups,Utkarsh Mitra Mandal (BHA-006),19.99874,73.79446,"https://maps.google.com/?q=19.99874,73.79446","https://maps.google.com/?q=19.99874,73.79446"
Bhadrakali Police Station - Major Ganesh Groups,Welcome Sahakarya Mitra Mandal (BHA-010),20.00216,73.79195,"https://maps.google.com/?q=20.00216,73.79195","https://maps.google.com/?q=20.00216,73.79195"
Bhadrakali Police Station - Major Ganesh Groups,Yashwant Sanskrutik Kala Va Krida Mandal (BHA-027),19.99953,73.78447,"https://maps.google.com/?q=19.99953,73.78447","https://maps.google.com/?q=19.99953,73.78447"
Bhadrakali Police Station - Major Ganesh Groups,Yuvak Unnati Mitra Mandal (BHA-005),20.00179,73.78927,"https://maps.google.com/?q=20.00179,73.78927","https://maps.google.com/?q=20.00179,73.78927"
Gangapur Police Station - Major Ganesh Groups,Chhatrapati Shivaji Mitra Mandal (GAN-010),20.005382,73.711392,"https://maps.google.com/?q=20.005382,73.711392","https://maps.google.com/?q=20.005382,73.711392"
Gangapur Police Station - Major Ganesh Groups,Ekta Mitra Mandal (GAN-009),20.033688,73.71818,"https://maps.google.com/?q=20.033688,73.71818","https://maps.google.com/?q=20.033688,73.71818"
Gangapur Police Station - Major Ganesh Groups,Gangapur Road Cha Maharaja Mitra Mandal (GAN-004),20.005625,73.764096,"https://maps.google.com/?q=20.005625,73.764096","https://maps.google.com/?q=20.005625,73.764096"
Gangapur Police Station - Major Ganesh Groups,Goda Shraddha Mitra Mandal (GAN-006),20.005625,73.764096,"https://maps.google.com/?q=20.005625,73.764096","https://maps.google.com/?q=20.005625,73.764096"
Gangapur Police Station - Major Ganesh Groups,Jai Bajrang Mitra Mandal Nashik (GAN-002),20.005632,73.764052,"https://maps.google.com/?q=20.005632,73.764052","https://maps.google.com/?q=20.005632,73.764052"
Gangapur Police Station - Major Ganesh Groups,"Rajmudra Sanskrutik Kala, Krida Mandal (GAN-001)",20.022582,73.725199,"https://maps.google.com/?q=20.022582,73.725199","https://maps.google.com/?q=20.022582,73.725199"
Gangapur Police Station - Major Ganesh Groups,Roshan Bhau Ghate Charitable Trust Pranit Sahyadri Yuva Pratishthan (GAN-008),20.008743,73.755379,"https://maps.google.com/?q=20.008743,73.755379","https://maps.google.com/?q=20.008743,73.755379"
Gangapur Police Station - Major Ganesh Groups,Shiv Kesari Bahuudeshiya Vikas Mandal (GAN-007),20.015161,73.767831,"https://maps.google.com/?q=20.015161,73.767831","https://maps.google.com/?q=20.015161,73.767831"
Gangapur Police Station - Major Ganesh Groups,Shivsamarth Kala Krida Mitra Mandal (GAN-003),20.032573,73.71837,"https://maps.google.com/?q=20.032573,73.71837","https://maps.google.com/?q=20.032573,73.71837"
Gangapur Police Station - Major Ganesh Groups,Shivshambho Yuva Pratishthan Mitra Mandal (Gangapur Road Cha Chintamani) (GAN-005),20.005625,73.764096,"https://maps.google.com/?q=20.005625,73.764096","https://maps.google.com/?q=20.005625,73.764096"
Indiranagar Police Station,Chhava Kantiveer Sena Shambho Narayan Group Nashikcha Vighnaharta (IND-001),19.957551,73.767273,"https://maps.google.com/?q=19.957551,73.767273","https://maps.google.com/?q=19.957551,73.767273"
Indiranagar Police Station,"Hindavi Swarajya Pratishthan, Matoshri Chowk, Rajivanagar (IND-002)",19.966344,73.769876,"https://maps.google.com/?q=19.966344,73.769876","https://maps.google.com/?q=19.966344,73.769876"
Indiranagar Police Station,"Indiranagar Utsav Samiti, Indiranagar (IND-004)",19.973329,73.786212,"https://maps.google.com/?q=19.973329,73.786212","https://maps.google.com/?q=19.973329,73.786212"
Indiranagar Police Station,"Late Dharmaraj Barode Bahu-Uddeshiya Sanstha Pranit Shripratishthan, Indiranagar (IND-003)",19.96497,73.779961,"https://maps.google.com/?q=19.96497,73.779961","https://maps.google.com/?q=19.96497,73.779961"
Indiranagar Police Station,"Sangharsh Sevabhavi Sanstha, Kala Nagar, Indiranagar (IND-006)",19.969508,73.782964,"https://maps.google.com/?q=19.969508,73.782964","https://maps.google.com/?q=19.969508,73.782964"
Indiranagar Police Station,"Unique Group, Rajivanagar, Indiranagar (IND-005)",19.965457,73.775928,"https://maps.google.com/?q=19.965457,73.775928","https://maps.google.com/?q=19.965457,73.775928"
"MIDC Chunchale Police Chowki, Ambad Police Station",Ambika Yuva Foundation,19.960326,73.728585,"https://maps.google.com/?q=19.960326,73.728585","https://maps.google.com/?q=19.960326,73.728585"
"MIDC Chunchale Police Chowki, Ambad Police Station",Ganraj Mitra Mandal,19.969565,73.720659,"https://maps.google.com/?q=19.969565,73.720659","https://maps.google.com/?q=19.969565,73.720659"
"MIDC Chunchale Police Chowki, Ambad Police Station",Omkareshwar Mitra Mandal,19.955535,73.726591,"https://maps.google.com/?q=19.955535,73.726591","https://maps.google.com/?q=19.955535,73.726591"
"MIDC Chunchale Police Chowki, Ambad Police Station",Rudra Pratishthan Jadhav Sankul,19.973557,73.721776,"https://maps.google.com/?q=19.973557,73.721776","https://maps.google.com/?q=19.973557,73.721776"
"MIDC Chunchale Police Chowki, Ambad Police Station",S.D. S.R. Foundation,19.958484,73.726674,"https://maps.google.com/?q=19.958484,73.726674","https://maps.google.com/?q=19.958484,73.726674"
"MIDC Chunchale Police Chowki, Ambad Police Station",Shinde Sai Foundation Vishal,19.941795,73.713112,"https://maps.google.com/?q=19.941795,73.713112","https://maps.google.com/?q=19.941795,73.713112"
"MIDC Chunchale Police Chowki, Ambad Police Station",Shivkapaleshwar Yuva Pratishthan Jadhav Sankul,19.969549,73.721493,"https://maps.google.com/?q=19.969549,73.721493","https://maps.google.com/?q=19.969549,73.721493"
"MIDC Chunchale Police Chowki, Ambad Police Station",Siddhivinayak Ganpati Mandir Jadhav Sankul,19.973046,73.722575,"https://maps.google.com/?q=19.973046,73.722575","https://maps.google.com/?q=19.973046,73.722575"
Mhasrul Police Station - Major Ganesh Groups,Jijau Kala Krida Va Sanskrutik Mitra Mandal (MHA-002),20.035631,73.803949,"https://maps.google.com/?q=20.035631,73.803949","https://maps.google.com/?q=20.035631,73.803949"
Mhasrul Police Station - Major Ganesh Groups,Kala Krida Shikshanik Va Sanskrutik Mitra Mandal (MHA-001),20.034649,73.807216,"https://maps.google.com/?q=20.034649,73.807216","https://maps.google.com/?q=20.034649,73.807216"
Mhasrul Police Station - Major Ganesh Groups,Rajmudra Pratishthan (MHA-003),20.045998,73.778583,"https://maps.google.com/?q=20.045998,73.778583","https://maps.google.com/?q=20.045998,73.778583"
Mhasrul Police Station - Major Ganesh Groups,Swaraj Kala Krida Va Sanskrutik Mandal (MHA-004),20.041554,73.779939,"https://maps.google.com/?q=20.041554,73.779939","https://maps.google.com/?q=20.041554,73.779939"
Mumbai naka Police station,Bhim Eko Hinur Mitra Mandal,19.992424,73.793411,"https://maps.google.com/?q=19.992424,73.793411","https://maps.google.com/?q=19.992424,73.793411"
Mumbai naka Police station,Dharma Ekta Sai Group,19.985188,73.793872,"https://maps.google.com/?q=19.985188,73.793872","https://maps.google.com/?q=19.985188,73.793872"
Mumbai naka Police station,"General Arunkumar Vaidya Nagar Art, Sports and Cultural Friends Mandal",19.987608,73.798275,"https://maps.google.com/?q=19.987608,73.798275","https://maps.google.com/?q=19.987608,73.798275"
Mumbai naka Police station,Happy Home Colony Cultural Arts and Sports Friends Mandal,19.985909,73.798251,"https://maps.google.com/?q=19.985909,73.798251","https://maps.google.com/?q=19.985909,73.798251"
Mumbai naka Police station,Janata Raja Mitra Mandal,19.991284,73.780855,"https://maps.google.com/?q=19.991284,73.780855","https://maps.google.com/?q=19.991284,73.780855"
Mumbai naka Police station,Kalpataru Nagar Yuva Mitra Mandal,19.979864,73.799031,"https://maps.google.com/?q=19.979864,73.799031","https://maps.google.com/?q=19.979864,73.799031"
Mumbai naka Police station,Morya Friends Circle,19.992635,73.785411,"https://maps.google.com/?q=19.992635,73.785411","https://maps.google.com/?q=19.992635,73.785411"
Mumbai naka Police station,Muchita Nagar Mitra Mandal,19.980255,73.78231,"https://maps.google.com/?q=19.980255,73.78231","https://maps.google.com/?q=19.980255,73.78231"
Mumbai naka Police station,Om Sai Mitra Mandal,19.984271,73.792307,"https://maps.google.com/?q=19.984271,73.792307","https://maps.google.com/?q=19.984271,73.792307"
Mumbai naka Police station,Renuka Yuva Cultural Arts and Sports Mandal,19.993012,73.792294,"https://maps.google.com/?q=19.993012,73.792294","https://maps.google.com/?q=19.993012,73.792294"
Mumbai naka Police station,Sahyadri Mitra Mandal,19.9795875,73.784305,"https://maps.google.com/?q=19.9795875,73.784305","https://maps.google.com/?q=19.9795875,73.784305"
Mumbai naka Police station,Sai Shraddha Youth Foundation,19.972974,73.801326,"https://maps.google.com/?q=19.972974,73.801326","https://maps.google.com/?q=19.972974,73.801326"
Mumbai naka Police station,Shitaladevi Mitra Mandal,19.984865,73.795554,"https://maps.google.com/?q=19.984865,73.795554","https://maps.google.com/?q=19.984865,73.795554"
Mumbai naka Police station,Shivgarjana Mitra Mandal,19.985762,73.776252,"https://maps.google.com/?q=19.985762,73.776252","https://maps.google.com/?q=19.985762,73.776252"
Mumbai naka Police station,Sri Sri Ravi Shankar Marg Friends Circle,19.969593,73.799506,"https://maps.google.com/?q=19.969593,73.799506","https://maps.google.com/?q=19.969593,73.799506"
Mumbai naka Police station,United Friends Circle,19.988926,73.785635,"https://maps.google.com/?q=19.988926,73.785635","https://maps.google.com/?q=19.988926,73.785635"
Mumbai naka Police station,United Friends Circle,19.990102,73.782819,"https://maps.google.com/?q=19.990102,73.782819","https://maps.google.com/?q=19.990102,73.782819"
Mumbai naka Police station,Vighnaharta Mitra Mandal,19.98364,73.792093,"https://maps.google.com/?q=19.98364,73.792093","https://maps.google.com/?q=19.98364,73.792093"
Mumbai naka Police station,Vighnaraj Mitra Mandal,19.971993,73.797411,"https://maps.google.com/?q=19.971993,73.797411","https://maps.google.com/?q=19.971993,73.797411"
Mumbai naka Police station,Wadala Naka Friends Circle,19.994098,73.785316,"https://maps.google.com/?q=19.994098,73.785316","https://maps.google.com/?q=19.994098,73.785316"
Mumbai naka Police station,Yuva Mitra Mandal (Mulyavan),19.987648,73.783535,"https://maps.google.com/?q=19.987648,73.783535","https://maps.google.com/?q=19.987648,73.783535"
Nashik Road Police Station - Major Ganesh Groups,"Angad Foundation, Shinde, Taluka District Nashik (NAS-010)",19.915319,73.898355,"https://maps.google.com/?q=19.915319,73.898355","https://maps.google.com/?q=19.915319,73.898355"
Nashik Road Police Station - Major Ganesh Groups,Anuradha Friends Circle (Shivsena Pranit) Nashik Road (NAS-007),19.947204,73.83689,"https://maps.google.com/?q=19.947204,73.83689","https://maps.google.com/?q=19.947204,73.83689"
Nashik Road Police Station - Major Ganesh Groups,"Asha Nagar Tarun Mitra Mandal, Asha Nagar, Bitco Point, Nashik Road (NAS-005)",19.954147,73.838622,"https://maps.google.com/?q=19.954147,73.838622","https://maps.google.com/?q=19.954147,73.838622"
Nashik Road Police Station - Major Ganesh Groups,"Chhatrapati Shivaji Maharaj Mitra Mandal, Nashik Road (NAS-002)",19.951489,73.840554,"https://maps.google.com/?q=19.951489,73.840554","https://maps.google.com/?q=19.951489,73.840554"
Nashik Road Police Station - Major Ganesh Groups,"D. Nashik Road Deolali Vyapari Sahakari Bank Karmachari Ganeshotsav Mandal, Nashik Road (NAS-001)",19.953722,73.838915,"https://maps.google.com/?q=19.953722,73.838915","https://maps.google.com/?q=19.953722,73.838915"
Nashik Road Police Station - Major Ganesh Groups,Dnyaneshwar Mitra Mandal Sant (NAS-009),19.980199,73.844535,"https://maps.google.com/?q=19.980199,73.844535","https://maps.google.com/?q=19.980199,73.844535"
Nashik Road Police Station - Major Ganesh Groups,ISP / CNP Welfare Fund Committee Ganeshotsav 2024 (NAS-006),19.952709,73.840278,"https://maps.google.com/?q=19.952709,73.840278","https://maps.google.com/?q=19.952709,73.840278"
Nashik Road Police Station - Major Ganesh Groups,Rickshaw Chalak Malak Sanghatana (NAS-003),19.953518,73.837756,"https://maps.google.com/?q=19.953518,73.837756","https://maps.google.com/?q=19.953518,73.837756"
Nashik Road Police Station - Major Ganesh Groups,"Sarvajanik Ganesh Utsav Mandal, Eklahare Colony, Eklahare, Nashik (NAS-004)",19.974917,73.872944,"https://maps.google.com/?q=19.974917,73.872944","https://maps.google.com/?q=19.974917,73.872944"
Nashik Road Police Station - Major Ganesh Groups,"Shri Ganesh Ekta Mitra Mandal Ganesh Nagar, Jail Road, Nashik Road (NAS-008)",19.975095,73.842554,"https://maps.google.com/?q=19.975095,73.842554","https://maps.google.com/?q=19.975095,73.842554"
Panchavati Police Station,Achanak Mitra Mandal (PAN-002),20.008755,73.799299,"https://maps.google.com/?q=20.008755,73.799299","https://maps.google.com/?q=20.008755,73.799299"
Panchavati Police Station,Adarsh Nagar Mitra Mandal (PAN-028),20.012866,73.784195,"https://maps.google.com/?q=20.012866,73.784195","https://maps.google.com/?q=20.012866,73.784195"
Panchavati Police Station,Audumbar Nagar Mitra Mandal (PAN-027),20.017662,73.790475,"https://maps.google.com/?q=20.017662,73.790475","https://maps.google.com/?q=20.017662,73.790475"
Panchavati Police Station,Chal Haribhai Agrawal Cultural Arts and Sports Mandal (PAN-004),20.011186,73.795566,"https://maps.google.com/?q=20.011186,73.795566","https://maps.google.com/?q=20.011186,73.795566"
Panchavati Police Station,Durga Friend Circle (PAN-022),20.017429,73.814835,"https://maps.google.com/?q=20.017429,73.814835","https://maps.google.com/?q=20.017429,73.814835"
Panchavati Police Station,Ganesh Chowk Mitra Mandal (PAN-025),20.013513,73.786238,"https://maps.google.com/?q=20.013513,73.786238","https://maps.google.com/?q=20.013513,73.786238"
Panchavati Police Station,Jai Mahakal Friend Circle (PAN-006),20.01807,73.796262,"https://maps.google.com/?q=20.01807,73.796262","https://maps.google.com/?q=20.01807,73.796262"
Panchavati Police Station,Kailas Mitra Mandal (PAN-019),20.012117,73.790469,"https://maps.google.com/?q=20.012117,73.790469","https://maps.google.com/?q=20.012117,73.790469"
Panchavati Police Station,"Loktantrik Foundation, Nashik (PAN-018)",20.018945,73.797687,"https://maps.google.com/?q=20.018945,73.797687","https://maps.google.com/?q=20.018945,73.797687"
Panchavati Police Station,Malegaon Stand Mitra Mandal (PAN-020),20.009633,73.792046,"https://maps.google.com/?q=20.009633,73.792046","https://maps.google.com/?q=20.009633,73.792046"
Panchavati Police Station,Maungiri Nagar Mitra Mandal (PAN-026),20.015948,73.808273,"https://maps.google.com/?q=20.015948,73.808273","https://maps.google.com/?q=20.015948,73.808273"
Panchavati Police Station,Mrityunjay Pratishthan (PAN-015),20.018267,73.811813,"https://maps.google.com/?q=20.018267,73.811813","https://maps.google.com/?q=20.018267,73.811813"
Panchavati Police Station,"Navjeevan Art and Sports Cultural Mandal, Trust (PAN-010)",20.012069,73.804503,"https://maps.google.com/?q=20.012069,73.804503","https://maps.google.com/?q=20.012069,73.804503"
Panchavati Police Station,"Nayshiv Bajrang Arts, Sports and Cultural Charitable Institution (PAN-005)",20.01796,73.793827,"https://maps.google.com/?q=20.01796,73.793827","https://maps.google.com/?q=20.01796,73.793827"
Panchavati Police Station,S K Group (PAN-024),20.012866,73.784195,"https://maps.google.com/?q=20.012866,73.784195","https://maps.google.com/?q=20.012866,73.784195"
Panchavati Police Station,Samrajya Cultural Arts and Sports Mandal (PAN-017),20.017612,73.809933,"https://maps.google.com/?q=20.017612,73.809933","https://maps.google.com/?q=20.017612,73.809933"
Panchavati Police Station,"Sardar Chowk Mitra Mandal, Trust (PAN-008)",20.005902,73.793506,"https://maps.google.com/?q=20.005902,73.793506","https://maps.google.com/?q=20.005902,73.793506"
Panchavati Police Station,Savarkar Chowk Mitra Mandal (PAN-012),20.017622,73.790235,"https://maps.google.com/?q=20.017622,73.790235","https://maps.google.com/?q=20.017622,73.790235"
Panchavati Police Station,Sheshrao Maharaj Mitra Mandal (PAN-007),20.02116,73.795267,"https://maps.google.com/?q=20.02116,73.795267","https://maps.google.com/?q=20.02116,73.795267"
Panchavati Police Station,Shivmalhar Mitra Mandal (PAN-003),20.015851,73.822983,"https://maps.google.com/?q=20.015851,73.822983","https://maps.google.com/?q=20.015851,73.822983"
Panchavati Police Station,Shivmanagar Mitra Mandal (PAN-013),20.012674,73.805732,"https://maps.google.com/?q=20.012674,73.805732","https://maps.google.com/?q=20.012674,73.805732"
Panchavati Police Station,Shivrudraksh Mitra Mandal (PAN-001),20.012973,73.78317,"https://maps.google.com/?q=20.012973,73.78317","https://maps.google.com/?q=20.012973,73.78317"
Panchavati Police Station,Shri Samarth Friend Circle (PAN-009),20.015504,73.785793,"https://maps.google.com/?q=20.015504,73.785793","https://maps.google.com/?q=20.015504,73.785793"
Panchavati Police Station,Shri Varadvinayak Mitra Mandal (PAN-014),20.018387,73.795216,"https://maps.google.com/?q=20.018387,73.795216","https://maps.google.com/?q=20.018387,73.795216"
Panchavati Police Station,Shriman Satyawadi Mitra Mandal (PAN-011),20.01758,73.793708,"https://maps.google.com/?q=20.01758,73.793708","https://maps.google.com/?q=20.01758,73.793708"
Panchavati Police Station,Sunny Ujjwal Friend Circle (PAN-023),20.020817,73.794291,"https://maps.google.com/?q=20.020817,73.794291","https://maps.google.com/?q=20.020817,73.794291"
Panchavati Police Station,Vakratund Mitra Mandal (PAN-029),20.018643,73.828107,"https://maps.google.com/?q=20.018643,73.828107","https://maps.google.com/?q=20.018643,73.828107"
Panchavati Police Station,Vighnaharta Mitra Mandal (PAN-021),20.014496,73.789854,"https://maps.google.com/?q=20.014496,73.789854","https://maps.google.com/?q=20.014496,73.789854"
Panchavati Police Station,Youngstar Mitra Mandal (PAN-016),20.007351,73.791726,"https://maps.google.com/?q=20.007351,73.791726","https://maps.google.com/?q=20.007351,73.791726"
Police Station Locations,Adgaon Police station,20.015486,73.826945,"https://maps.google.com/?q=20.015486,73.826945","https://maps.google.com/?q=20.015486,73.826945"
Police Station Locations,Ambad Police station,19.96586,73.763443,"https://maps.google.com/?q=19.96586,73.763443","https://maps.google.com/?q=19.96586,73.763443"
Police Station Locations,Bhadrakali Police station,19.997799,73.789208,"https://maps.google.com/?q=19.997799,73.789208","https://maps.google.com/?q=19.997799,73.789208"
Police Station Locations,Devlali camp Police station,19.905098,73.826855,"https://maps.google.com/?q=19.905098,73.826855","https://maps.google.com/?q=19.905098,73.826855"
Police Station Locations,Gangapur Police station,20.014267,73.75007,"https://maps.google.com/?q=20.014267,73.75007","https://maps.google.com/?q=20.014267,73.75007"
Police Station Locations,Indiranagar Police station,19.974576,73.778583,"https://maps.google.com/?q=19.974576,73.778583","https://maps.google.com/?q=19.974576,73.778583"
Police Station Locations,Mhasrul Police station,20.032542,73.802388,"https://maps.google.com/?q=20.032542,73.802388","https://maps.google.com/?q=20.032542,73.802388"
Police Station Locations,Mumbai naka Police station,19.987591,73.783917,"https://maps.google.com/?q=19.987591,73.783917","https://maps.google.com/?q=19.987591,73.783917"
Police Station Locations,Nashik road Police station,19.9528393,73.8397725,"https://maps.google.com/?q=19.9528393,73.8397725","https://maps.google.com/?q=19.9528393,73.8397725"
Police Station Locations,Panchavati Police station,20.015643,73.796739,"https://maps.google.com/?q=20.015643,73.796739","https://maps.google.com/?q=20.015643,73.796739"
Police Station Locations,Sarkarwada Police station,20.00562,73.779772,"https://maps.google.com/?q=20.00562,73.779772","https://maps.google.com/?q=20.00562,73.779772"
Police Station Locations,Satpur Police station,19.991434,73.742909,"https://maps.google.com/?q=19.991434,73.742909","https://maps.google.com/?q=19.991434,73.742909"
Police Station Locations,Upnagar Police station,19.967381,73.824402,"https://maps.google.com/?q=19.967381,73.824402","https://maps.google.com/?q=19.967381,73.824402"
Police Stations,Adgaon Police station,20.015486,73.826945,"https://maps.google.com/?q=20.015486,73.826945","https://maps.google.com/?q=20.015486,73.826945"
Police Stations,AmbadPolice station,19.96586,73.763443,"https://maps.google.com/?q=19.96586,73.763443","https://maps.google.com/?q=19.96586,73.763443"
Police Stations,Bhadrakali Police station,19.997799,73.789208,"https://maps.google.com/?q=19.997799,73.789208","https://maps.google.com/?q=19.997799,73.789208"
Police Stations,Devlali camp Police station,19.905098,73.826855,"https://maps.google.com/?q=19.905098,73.826855","https://maps.google.com/?q=19.905098,73.826855"
Police Stations,Gangapur Police station,20.014267,73.75007,"https://maps.google.com/?q=20.014267,73.75007","https://maps.google.com/?q=20.014267,73.75007"
Police Stations,Indiranagar Police station,19.974576,73.778583,"https://maps.google.com/?q=19.974576,73.778583","https://maps.google.com/?q=19.974576,73.778583"
Police Stations,Mhasrul Police station,20.032542,73.802388,"https://maps.google.com/?q=20.032542,73.802388","https://maps.google.com/?q=20.032542,73.802388"
Police Stations,Mumbai naka Police station,19.987591,73.783917,"https://maps.google.com/?q=19.987591,73.783917","https://maps.google.com/?q=19.987591,73.783917"
Police Stations,Nashik road Police station,20.017919,73.797048,"https://maps.google.com/?q=20.017919,73.797048","https://maps.google.com/?q=20.017919,73.797048"
Police Stations,Panchavati Police station,20.015643,73.796739,"https://maps.google.com/?q=20.015643,73.796739","https://maps.google.com/?q=20.015643,73.796739"
Police Stations,Sarkarwada Police station,20.00562,73.779772,"https://maps.google.com/?q=20.00562,73.779772","https://maps.google.com/?q=20.00562,73.779772"
Police Stations,Satpur Police station,19.991434,73.742909,"https://maps.google.com/?q=19.991434,73.742909","https://maps.google.com/?q=19.991434,73.742909"
Police Stations,Upnagar Police station,19.967381,73.824402,"https://maps.google.com/?q=19.967381,73.824402","https://maps.google.com/?q=19.967381,73.824402"
Satpur Police Station - Information on Major Groups,Amarjyot Mitra Mandal (SAT-003),19.989552,73.733843,"https://maps.google.com/?q=19.989552,73.733843","https://maps.google.com/?q=19.989552,73.733843"
Satpur Police Station - Information on Major Groups,Bajrang Mitra Mandal (Mulyavan Ganpati) (SAT-014),19.978786,73.727007,"https://maps.google.com/?q=19.978786,73.727007","https://maps.google.com/?q=19.978786,73.727007"
Satpur Police Station - Information on Major Groups,Bajrang Mitra Mandal (Vadar Yuva Pratishthan) (SAT-002),19.991048,73.733558,"https://maps.google.com/?q=19.991048,73.733558","https://maps.google.com/?q=19.991048,73.733558"
Satpur Police Station - Information on Major Groups,Kamgar Nagar Mitra Mandal (Kamgar Nagarcha Raja) (SAT-015),20.002849,73.74681,"https://maps.google.com/?q=20.002849,73.74681","https://maps.google.com/?q=20.002849,73.74681"
Satpur Police Station - Information on Major Groups,Leo King Social Foundation (SAT-007),19.987531,73.718878,"https://maps.google.com/?q=19.987531,73.718878","https://maps.google.com/?q=19.987531,73.718878"
Satpur Police Station - Information on Major Groups,Om Sairam Mitra Mandal Pranit Satpurcha Raja (SAT-005),19.990489,73.722614,"https://maps.google.com/?q=19.990489,73.722614","https://maps.google.com/?q=19.990489,73.722614"
Satpur Police Station - Information on Major Groups,P.L. Group Mitra Mandal Pranit Republican Social Group (SAT-006),19.989424,73.721322,"https://maps.google.com/?q=19.989424,73.721322","https://maps.google.com/?q=19.989424,73.721322"
Satpur Police Station - Information on Major Groups,Raigad Pratishthan (SAT-009),19.989172,73.713849,"https://maps.google.com/?q=19.989172,73.713849","https://maps.google.com/?q=19.989172,73.713849"
Satpur Police Station - Information on Major Groups,Rajat Navshya Ganpati Mitra Mandal (SAT-008),19.989805,73.717275,"https://maps.google.com/?q=19.989805,73.717275","https://maps.google.com/?q=19.989805,73.717275"
Satpur Police Station - Information on Major Groups,Rajya Karmachari Tarun Mitra Mandal (SAT-016),19.989111,73.713553,"https://maps.google.com/?q=19.989111,73.713553","https://maps.google.com/?q=19.989111,73.713553"
Satpur Police Station - Information on Major Groups,Sai Rudra Bahuuddeshiya Sanstha (SAT-012),19.986839,73.715498,"https://maps.google.com/?q=19.986839,73.715498","https://maps.google.com/?q=19.986839,73.715498"
Satpur Police Station - Information on Major Groups,Sangharsh Mitra Mandal (SAT-017),20.0025328,73.7452984,"https://maps.google.com/?q=20.0025328,73.7452984","https://maps.google.com/?q=20.0025328,73.7452984"
Satpur Police Station - Information on Major Groups,Satpurcha Raja Ganeshutsav Samiti 2025 (SAT-004),19.991278,73.722744,"https://maps.google.com/?q=19.991278,73.722744","https://maps.google.com/?q=19.991278,73.722744"
Satpur Police Station - Information on Major Groups,Shaurya Yuva Pratishthan (SAT-010),19.996469,73.707491,"https://maps.google.com/?q=19.996469,73.707491","https://maps.google.com/?q=19.996469,73.707491"
Satpur Police Station - Information on Major Groups,Shivratna Mitra Mandal (SAT-011),19.992739,73.710576,"https://maps.google.com/?q=19.992739,73.710576","https://maps.google.com/?q=19.992739,73.710576"
Satpur Police Station - Information on Major Groups,Shri Chhatrapati Shivaji Maharaj Bhaji Mandai (SAT-013),19.989692,73.733455,"https://maps.google.com/?q=19.989692,73.733455","https://maps.google.com/?q=19.989692,73.733455"
Satpur Police Station - Information on Major Groups,Shri Dakshinmukhi Hanuman Mitra Mandal (SAT-018),19.994372,73.710578,"https://maps.google.com/?q=19.994372,73.710578","https://maps.google.com/?q=19.994372,73.710578"
Satpur Police Station - Information on Major Groups,Shri Pavan Ganpati Pratishthan (SAT-001),20.006358,73.737365,"https://maps.google.com/?q=20.006358,73.737365","https://maps.google.com/?q=20.006358,73.737365"
Upnagar Police Station - Information on Major Groups,"Balaji Social Foundation (20 kg silver hands, ears, feet) (UPN-007)",19.95295,73.83729,"https://maps.google.com/?q=19.95295,73.83729","https://maps.google.com/?q=19.95295,73.83729"
Upnagar Police Station - Information on Major Groups,Eagle Sports & Social Club (UPN-004),19.94744,73.83585,"https://maps.google.com/?q=19.94744,73.83585","https://maps.google.com/?q=19.94744,73.83585"
Upnagar Police Station - Information on Major Groups,Jagruti Pratishthan Kala & Krida Sanskrutik Mitra Mandal (UPN-009),19.97643,73.80576,"https://maps.google.com/?q=19.97643,73.80576","https://maps.google.com/?q=19.97643,73.80576"
Upnagar Police Station - Information on Major Groups,Kai. Nanasaheb jadhav mitra mandal (UPN-001),19.94598,73.83131,"https://maps.google.com/?q=19.94598,73.83131","https://maps.google.com/?q=19.94598,73.83131"
Upnagar Police Station - Information on Major Groups,Navnath Mitra Mandal (UPN-005),19.97366,73.84076,"https://maps.google.com/?q=19.97366,73.84076","https://maps.google.com/?q=19.97366,73.84076"
Upnagar Police Station - Information on Major Groups,Radhekrishna Foundation (Mahila Mandal) (UPN-011),19.95251,73.82507,"https://maps.google.com/?q=19.95251,73.82507","https://maps.google.com/?q=19.95251,73.82507"
Upnagar Police Station - Information on Major Groups,Sairaj Bahuuddeshiya Sanstha (UPN-002),19.9748,73.83291,"https://maps.google.com/?q=19.9748,73.83291","https://maps.google.com/?q=19.9748,73.83291"
Upnagar Police Station - Information on Major Groups,Shahi Foundation (UPN-003),19.97421,73.80737,"https://maps.google.com/?q=19.97421,73.80737","https://maps.google.com/?q=19.97421,73.80737"
Upnagar Police Station - Information on Major Groups,"Shri Ganesh Mitra Mandal (21 kg of silver, single statue) (UPN-008)",19.94413,73.8352,"https://maps.google.com/?q=19.94413,73.8352","https://maps.google.com/?q=19.94413,73.8352"
Upnagar Police Station - Information on Major Groups,Shri Ichchapurti Ganesh Mitra Mandal (UPN-006),19.97515,73.81124,"https://maps.google.com/?q=19.97515,73.81124","https://maps.google.com/?q=19.97515,73.81124"
Upnagar Police Station - Information on Major Groups,Shri Mhasoba Maharaj Mitra Mandal (UPN-010),19.94646,73.82693,"https://maps.google.com/?q=19.94646,73.82693","https://maps.google.com/?q=19.94646,73.82693"
